Title,Content
Ciclos del mercado de Bitcoin,"Históricamente, Bitcoin sigue un ciclo de aproximadamente 4 años determinado por el halving. Después del halving, la oferta nueva de BTC se reduce a la mitad, lo que tiende a generar un aumento de precios en los siguientes 12-18 meses. El mercado pasa por fases: acumulación, expansión, distribución y caída."
Estrategia DCA,"El Dollar Cost Averaging (DCA) consiste en invertir una cantidad fija en BTC en intervalos regulares, sin importar el precio. Esta estrategia reduce el riesgo de comprar en el punto más alto y promueve la acumulación a largo plazo."
Indicadores On-Chain,"Métricas como el MVRV Ratio, el Puell Multiple y la Realized Cap ayudan a identificar sobrevaloración o infravaloración del BTC. Por ejemplo, un MVRV menor a 1 indica oportunidad de compra."
Halving de Bitcoin,"El evento de halving ocurre cada 210,000 bloques (~4 años). Ha ocurrido en 2012, 2016, 2020 y el siguiente está proyectado para 2028. Tras cada halving, el precio históricamente entra en una fase alcista prolongada."
Correcciones y consolidación,"Durante mercados alcistas, las correcciones del 20% al 40% son comunes antes de continuar la tendencia. En mercados bajistas, los rallies del 10-30% suelen ser trampas antes de nuevas caídas."
Análisis técnico BTC,"Las zonas clave suelen estar definidas por medias móviles (MA50, MA200), niveles de Fibonacci y soportes históricos. Cruces dorados (MA50 > MA200) indican tendencia alcista, cruces de la muerte (MA50 < MA200) tendencia bajista."
Impacto macroeconómico,"Las tasas de interés, la inflación y el índice del dólar (DXY) influyen en el precio de Bitcoin. Un dólar débil y políticas expansivas de los bancos centrales suelen beneficiar a BTC."
Psicología del mercado,El miedo extremo y la codicia extrema (índice Fear & Greed) suelen marcar los puntos de inflexión del mercado. Comprar en miedo extremo y vender en codicia extrema ha sido históricamente rentable.
Gestión del riesgo,"Nunca invertir más del 10-20% del portafolio en una sola operación. Usar stop-loss, diversificación y gestión emocional es clave para sobrevivir a la volatilidad del mercado cripto."
Ciclos históricos de precio,"Bitcoin ha pasado de $0.003 en 2010 a más de $60,000 en 2021. Cada ciclo posterior al halving ha alcanzado nuevos máximos históricos aproximadamente 1 año después del evento."
